{"cameraMode":{"drawMode":0,"name":"Shaded","section":"Shading Mode"},"sceneLighting":false,"audioPlay":false,"sceneViewState":{"m_AlwaysRefresh":false,"showFog":true,"showSkybox":false,"showFlares":true,"showImageEffects":true,"showParticleSystems":true,"showVisualEffectGraphs":true,"m_FxEnabled":true},"in2DMode":false,"pivot":{"x":0.06107122823596001,"y":5.201784610748291,"z":0.674543559551239},"rotation":{"x":0.6062540411949158,"y":0.006223820615559816,"z":-0.0048052710480988029,"w":0.7953225374221802},"size":8.201634407043457,"orthographic":false}