{"cameraMode":{"drawMode":0,"name":"Shaded","section":"Shading Mode"},"sceneLighting":false,"audioPlay":false,"sceneViewState":{"m_AlwaysRefresh":false,"showFog":true,"showSkybox":false,"showFlares":true,"showImageEffects":true,"showParticleSystems":true,"showVisualEffectGraphs":true,"m_FxEnabled":true},"in2DMode":false,"pivot":{"x":-0.26314735412597659,"y":-1.016495704650879,"z":0.1378483772277832},"rotation":{"x":-0.14045657217502595,"y":-0.07273253053426743,"z":0.010410629212856293,"w":-0.9873787760734558},"size":8.340100288391114,"orthographic":false}